sk_tiempo,fecha,anio,trimestre,mes,semana,dia_semana,es_fin_semana
1,2020-09-12,2020,3,9,37,Saturday,1
2,2020-09-19,2020,3,9,38,Saturday,1
3,2020-09-26,2020,3,9,39,Saturday,1
4,2020-10-03,2020,4,10,40,Saturday,1
5,2020-10-10,2020,4,10,41,Saturday,1
6,2020-10-17,2020,4,10,42,Saturday,1
7,2020-10-24,2020,4,10,43,Saturday,1
8,2020-10-31,2020,4,10,44,Saturday,1
9,2020-11-07,2020,4,11,45,Saturday,1
10,2020-11-14,2020,4,11,46,Saturday,1
11,2020-11-21,2020,4,11,47,Saturday,1
12,2020-11-28,2020,4,11,48,Saturday,1
13,2020-12-05,2020,4,12,49,Saturday,1
14,2020-12-12,2020,4,12,50,Saturday,1
15,2020-12-19,2020,4,12,51,Saturday,1
16,2020-12-26,2020,4,12,52,Saturday,1
17,2021-01-02,2021,1,1,53,Saturday,1
18,2021-01-09,2021,1,1,1,Saturday,1
19,2021-01-16,2021,1,1,2,Saturday,1
20,2021-01-23,2021,1,1,3,Saturday,1
21,2021-01-30,2021,1,1,4,Saturday,1
22,2021-02-06,2021,1,2,5,Saturday,1
23,2021-02-13,2021,1,2,6,Saturday,1
24,2021-02-20,2021,1,2,7,Saturday,1
25,2021-02-27,2021,1,2,8,Saturday,1
26,2021-03-06,2021,1,3,9,Saturday,1
27,2021-03-13,2021,1,3,10,Saturday,1
28,2021-03-20,2021,1,3,11,Saturday,1
29,2021-03-27,2021,1,3,12,Saturday,1
30,2021-04-03,2021,2,4,13,Saturday,1
31,2021-04-10,2021,2,4,14,Saturday,1
32,2021-04-17,2021,2,4,15,Saturday,1
33,2021-04-24,2021,2,4,16,Saturday,1
34,2021-05-01,2021,2,5,17,Saturday,1
35,2021-05-08,2021,2,5,18,Saturday,1
36,2021-05-15,2021,2,5,19,Saturday,1
37,2021-05-22,2021,2,5,20,Saturday,1
38,2021-08-14,2021,3,8,32,Saturday,1
39,2021-08-21,2021,3,8,33,Saturday,1
40,2021-08-28,2021,3,8,34,Saturday,1
41,2021-09-04,2021,3,9,35,Saturday,1
42,2021-09-11,2021,3,9,36,Saturday,1
43,2021-09-18,2021,3,9,37,Saturday,1
44,2021-09-25,2021,3,9,38,Saturday,1
45,2021-10-02,2021,4,10,39,Saturday,1
46,2021-10-09,2021,4,10,40,Saturday,1
47,2021-10-16,2021,4,10,41,Saturday,1
48,2021-10-23,2021,4,10,42,Saturday,1
49,2021-10-30,2021,4,10,43,Saturday,1
50,2021-11-06,2021,4,11,44,Saturday,1
51,2021-11-13,2021,4,11,45,Saturday,1
52,2021-11-20,2021,4,11,46,Saturday,1
53,2021-11-27,2021,4,11,47,Saturday,1
54,2021-12-04,2021,4,12,48,Saturday,1
55,2021-12-11,2021,4,12,49,Saturday,1
56,2021-12-18,2021,4,12,50,Saturday,1
57,2021-12-25,2021,4,12,51,Saturday,1
58,2022-01-01,2022,1,1,52,Saturday,1
59,2022-01-08,2022,1,1,1,Saturday,1
60,2022-01-15,2022,1,1,2,Saturday,1
61,2022-01-22,2022,1,1,3,Saturday,1
62,2022-01-29,2022,1,1,4,Saturday,1
63,2022-02-05,2022,1,2,5,Saturday,1
64,2022-02-12,2022,1,2,6,Saturday,1
65,2022-02-19,2022,1,2,7,Saturday,1
66,2022-02-26,2022,1,2,8,Saturday,1
67,2022-03-05,2022,1,3,9,Saturday,1
68,2022-03-12,2022,1,3,10,Saturday,1
69,2022-03-19,2022,1,3,11,Saturday,1
70,2022-03-26,2022,1,3,12,Saturday,1
71,2022-04-02,2022,2,4,13,Saturday,1
72,2022-04-09,2022,2,4,14,Saturday,1
73,2022-04-16,2022,2,4,15,Saturday,1
74,2022-04-23,2022,2,4,16,Saturday,1
75,2022-04-30,2022,2,4,17,Saturday,1
76,2022-05-07,2022,2,5,18,Saturday,1
77,2022-05-14,2022,2,5,19,Saturday,1
78,2022-05-21,2022,2,5,20,Saturday,1
79,2022-08-12,2022,3,8,32,Friday,0
80,2022-08-19,2022,3,8,33,Friday,0
81,2022-08-26,2022,3,8,34,Friday,0
82,2022-09-02,2022,3,9,35,Friday,0
83,2022-09-09,2022,3,9,36,Friday,0
84,2022-09-16,2022,3,9,37,Friday,0
85,2022-09-23,2022,3,9,38,Friday,0
86,2022-09-30,2022,3,9,39,Friday,0
87,2022-10-07,2022,4,10,40,Friday,0
88,2022-10-14,2022,4,10,41,Friday,0
89,2022-10-21,2022,4,10,42,Friday,0
90,2022-10-28,2022,4,10,43,Friday,0
91,2022-11-04,2022,4,11,44,Friday,0
92,2022-11-11,2022,4,11,45,Friday,0
93,2022-11-18,2022,4,11,46,Friday,0
94,2022-11-25,2022,4,11,47,Friday,0
95,2022-12-02,2022,4,12,48,Friday,0
96,2022-12-09,2022,4,12,49,Friday,0
97,2022-12-16,2022,4,12,50,Friday,0
98,2022-12-23,2022,4,12,51,Friday,0
99,2022-12-30,2022,4,12,52,Friday,0
100,2023-01-06,2023,1,1,1,Friday,0
101,2023-01-13,2023,1,1,2,Friday,0
102,2023-01-20,2023,1,1,3,Friday,0
103,2023-01-27,2023,1,1,4,Friday,0
104,2023-02-03,2023,1,2,5,Friday,0
105,2023-02-10,2023,1,2,6,Friday,0
106,2023-02-17,2023,1,2,7,Friday,0
107,2023-02-24,2023,1,2,8,Friday,0
108,2023-03-03,2023,1,3,9,Friday,0
109,2023-03-10,2023,1,3,10,Friday,0
110,2023-03-17,2023,1,3,11,Friday,0
111,2023-03-24,2023,1,3,12,Friday,0
112,2023-03-31,2023,1,3,13,Friday,0
113,2023-04-07,2023,2,4,14,Friday,0
114,2023-04-14,2023,2,4,15,Friday,0
115,2023-04-21,2023,2,4,16,Friday,0
116,2023-04-28,2023,2,4,17,Friday,0
117,2023-05-05,2023,2,5,18,Friday,0
118,2023-05-12,2023,2,5,19,Friday,0
119,2023-05-19,2023,2,5,20,Friday,0
120,2023-05-26,2023,2,5,21,Friday,0
121,2023-06-02,2023,2,6,22,Friday,0
122,2023-08-11,2023,3,8,32,Friday,0
123,2023-08-18,2023,3,8,33,Friday,0
124,2023-08-25,2023,3,8,34,Friday,0
125,2023-09-01,2023,3,9,35,Friday,0
126,2023-09-08,2023,3,9,36,Friday,0
127,2023-09-15,2023,3,9,37,Friday,0
128,2023-09-22,2023,3,9,38,Friday,0
129,2023-09-29,2023,3,9,39,Friday,0
130,2023-10-06,2023,4,10,40,Friday,0
131,2023-10-13,2023,4,10,41,Friday,0
132,2023-10-20,2023,4,10,42,Friday,0
133,2023-10-27,2023,4,10,43,Friday,0
134,2023-11-03,2023,4,11,44,Friday,0
135,2023-11-10,2023,4,11,45,Friday,0
136,2023-11-17,2023,4,11,46,Friday,0
137,2023-11-24,2023,4,11,47,Friday,0
138,2023-12-01,2023,4,12,48,Friday,0
139,2023-12-08,2023,4,12,49,Friday,0
140,2023-12-15,2023,4,12,50,Friday,0
141,2023-12-22,2023,4,12,51,Friday,0
142,2023-12-29,2023,4,12,52,Friday,0
143,2024-01-05,2024,1,1,1,Friday,0
144,2024-01-12,2024,1,1,2,Friday,0
145,2024-01-19,2024,1,1,3,Friday,0
146,2024-01-26,2024,1,1,4,Friday,0
147,2024-02-02,2024,1,2,5,Friday,0
148,2024-02-09,2024,1,2,6,Friday,0
149,2024-02-16,2024,1,2,7,Friday,0
150,2024-02-23,2024,1,2,8,Friday,0
151,2024-03-01,2024,1,3,9,Friday,0
152,2024-03-08,2024,1,3,10,Friday,0
153,2024-03-15,2024,1,3,11,Friday,0
154,2024-03-22,2024,1,3,12,Friday,0
155,2024-03-29,2024,1,3,13,Friday,0
156,2024-04-05,2024,2,4,14,Friday,0
157,2024-04-12,2024,2,4,15,Friday,0
158,2024-04-19,2024,2,4,16,Friday,0
159,2024-04-26,2024,2,4,17,Friday,0
160,2024-05-03,2024,2,5,18,Friday,0
161,2024-05-10,2024,2,5,19,Friday,0
162,2024-05-17,2024,2,5,20,Friday,0
163,2024-05-24,2024,2,5,21,Friday,0
164,2024-08-15,2024,3,8,33,Thursday,0
165,2024-08-22,2024,3,8,34,Thursday,0
166,2024-08-29,2024,3,8,35,Thursday,0
167,2024-09-05,2024,3,9,36,Thursday,0
168,2024-09-12,2024,3,9,37,Thursday,0
169,2024-09-19,2024,3,9,38,Thursday,0
170,2024-09-26,2024,3,9,39,Thursday,0
171,2024-10-03,2024,4,10,40,Thursday,0
172,2024-10-10,2024,4,10,41,Thursday,0
173,2024-10-17,2024,4,10,42,Thursday,0
174,2024-10-24,2024,4,10,43,Thursday,0
175,2024-10-31,2024,4,10,44,Thursday,0
176,2024-11-07,2024,4,11,45,Thursday,0
177,2024-11-14,2024,4,11,46,Thursday,0
178,2024-11-21,2024,4,11,47,Thursday,0
179,2024-11-28,2024,4,11,48,Thursday,0
180,2024-12-05,2024,4,12,49,Thursday,0
181,2024-12-12,2024,4,12,50,Thursday,0
182,2024-12-19,2024,4,12,51,Thursday,0
183,2024-12-26,2024,4,12,52,Thursday,0
184,2025-01-02,2025,1,1,1,Thursday,0
185,2025-01-09,2025,1,1,2,Thursday,0
186,2025-01-16,2025,1,1,3,Thursday,0
187,2025-01-23,2025,1,1,4,Thursday,0
188,2025-01-30,2025,1,1,5,Thursday,0
189,2025-02-06,2025,1,2,6,Thursday,0
190,2025-02-13,2025,1,2,7,Thursday,0
191,2025-02-20,2025,1,2,8,Thursday,0
192,2025-02-27,2025,1,2,9,Thursday,0
193,2025-03-06,2025,1,3,10,Thursday,0
194,2025-03-13,2025,1,3,11,Thursday,0
195,2025-03-20,2025,1,3,12,Thursday,0
196,2025-03-27,2025,1,3,13,Thursday,0
197,2025-04-03,2025,2,4,14,Thursday,0
198,2025-04-10,2025,2,4,15,Thursday,0
199,2025-04-17,2025,2,4,16,Thursday,0
200,2025-04-24,2025,2,4,17,Thursday,0
201,2025-05-01,2025,2,5,18,Thursday,0
202,2025-05-08,2025,2,5,19,Thursday,0
203,2025-05-15,2025,2,5,20,Thursday,0
204,2025-05-22,2025,2,5,21,Thursday,0
