sk_jugador,player_natural_id,short_name,long_name,player_positions,overall,potential,age,club_name,nationality_name,value_eur,wage_eur,pace,shooting,passing,dribbling,defending,physic
1,1,player_1,f3e732f08d09b0d6,LB,86,87,25,real madrid,spain,296054716,957286,87,58,86,79,64,71
2,2,player_2,2e559d2ee09164c0,RB,84,84,29,real madrid,england,273714920,1221136,65,76,61,72,52,65
3,3,player_3,34fab66c97d9d950,CB,81,84,28,real madrid,uruguay,144038996,482000,84,69,79,69,56,80
4,4,player_4,7bbf52358ef62181,ST,88,97,20,real madrid,germany,351915345,1955046,63,55,55,64,36,68
5,5,player_5,94bda0853a66b93e,RW,85,88,22,real madrid,germany,351915345,1955046,72,54,72,85,60,60
6,6,player_6,9ffe3507d60c0a09,ST,94,99,19,real madrid,france,351915345,1955046,69,55,70,53,63,83
7,7,player_7,3f471168db04f45b,RB,96,99,35,real madrid,england,351915345,1955046,77,72,87,54,77,59
8,8,player_8,5613f4a45488db9e,RW,94,99,31,real madrid,brazil,351915345,1955046,82,74,68,71,70,56
9,9,player_9,b0180298904adf83,ST,93,98,18,real madrid,england,351915345,1955046,78,69,68,41,48,50
10,10,player_10,4f6dbee78f7f95a3,RW,82,86,18,real madrid,uruguay,233413209,885340,52,62,84,64,66,65
11,11,player_11,c03915f05aadc0e5,LW,79,81,21,real madrid,colombia,160667400,943632,79,54,53,78,37,75
12,12,player_12,3cab5dd563d7ac6c,CM,90,97,18,real madrid,netherlands,351915345,1955046,82,64,66,68,53,66
13,13,player_13,d8ee75af8eb9a35a,RB,84,93,26,real madrid,uruguay,234738832,1738418,87,73,81,63,77,58
14,14,player_14,5744edfd4495c66f,CM,89,93,31,real madrid,spain,351915345,1955046,67,70,65,65,58,76
15,15,player_15,c7c4b4ee14d0db1f,CB,88,97,32,real madrid,argentina,351915345,1955046,81,70,86,69,82,62
16,16,player_16,6678b746399f5405,CB,83,88,20,real madrid,colombia,302250164,1630179,73,85,59,80,68,66
17,17,player_17,6c17be9a6fa2fdcc,RB,90,97,22,real madrid,uruguay,351915345,1591704,84,71,66,58,56,86
18,18,player_18,ac83d3b712ff685c,CM,83,91,18,real madrid,brazil,182515356,893469,48,61,72,83,50,64
19,19,player_19,9f174514cd74fc23,CDM,79,82,20,real madrid,england,150950965,1172092,86,42,76,81,79,50
20,20,player_20,3571a5632b5e2153,GK,76,85,20,real madrid,spain,120122577,916269,76,60,62,65,70,77
21,21,player_21,95ac5ea80bb7ee50,LW,86,90,31,real madrid,colombia,333351694,1955046,72,90,57,61,91,53
22,22,player_22,e7d429d868df554a,CB,79,85,23,real madrid,germany,122559336,961598,70,45,91,81,77,55
23,23,player_23,cab4db6f7461c5bc,CB,89,90,33,real madrid,netherlands,351915345,1546696,75,60,78,62,83,56
24,24,player_24,58b200b376adbb45,CM,75,80,26,barcelona,netherlands,63635415,461474,65,44,84,70,47,40
25,25,player_25,063a3b227bd6ed56,RB,78,82,18,barcelona,france,157245298,541369,73,78,77,60,60,57
26,26,player_26,d71025b1cf1c2418,CB,81,82,21,barcelona,argentina,199856590,700370,66,55,88,79,55,61
27,27,player_27,1de6a3ff35febf7d,CDM,92,99,32,barcelona,england,351915345,1955046,75,71,73,68,50,75
28,28,player_28,927a1acf0547469c,CB,85,93,29,barcelona,portugal,221046211,1638984,56,41,87,69,59,73
29,29,player_29,598be22c632c2640,CDM,80,83,32,barcelona,uruguay,208612154,627648,64,89,57,76,63,70
30,30,player_30,1dd31cf39e1e1fbd,CDM,85,87,31,barcelona,portugal,309002882,1499924,94,55,75,79,54,70
31,31,player_31,b99211b5f74b762f,CM,82,87,34,barcelona,portugal,255007237,937450,53,76,77,56,72,80
32,32,player_32,b0cf2b73abbcc9b4,LW,87,89,36,barcelona,brazil,351915345,1845755,88,74,60,64,83,62
33,33,player_33,b934f02bf29de100,RB,82,86,17,barcelona,colombia,201378905,1166185,83,76,91,92,99,80
34,34,player_34,37bcb26869d36098,LB,76,81,22,barcelona,uruguay,76885766,313717,92,35,67,60,75,65
35,35,player_35,f378266b495ed227,CM,86,93,17,barcelona,germany,351915345,1425742,81,64,74,85,50,73
36,36,player_36,050b208bd2c9fd88,RB,83,84,29,barcelona,argentina,288044455,1955046,83,91,68,72,64,66
37,37,player_37,df6cc8bd72eef9ec,GK,82,84,36,barcelona,portugal,180778020,959941,81,62,79,83,48,57
38,38,player_38,fa8bf7a582be3a12,LB,86,88,23,barcelona,brazil,266134628,1791206,68,62,71,67,55,63
39,39,player_39,413d3d023326686e,ST,76,79,32,barcelona,uruguay,102963315,398386,60,73,85,61,57,75
40,40,player_40,a7a8f44c96b2f811,GK,75,77,33,barcelona,argentina,92892709,655918,93,71,73,60,52,67
41,41,player_41,b4ca1011857fe46e,ST,87,88,19,barcelona,uruguay,294010195,1769106,95,86,79,70,74,67
42,42,player_42,d8d237db191148b8,CB,84,91,34,barcelona,brazil,304023090,1538918,69,83,77,63,67,74
43,43,player_43,b47c376ac315af58,GK,87,87,28,barcelona,germany,351915345,1406642,97,59,70,66,86,76
44,44,player_44,fc013dd960e5a7e0,RW,72,74,34,barcelona,france,77830712,468251,65,81,62,81,59,63
45,45,player_45,e66b9a39c3f2c05f,ST,95,99,19,barcelona,france,351915345,1955046,57,76,90,75,61,90
46,46,player_46,8bba4c75545a0c51,CB,79,86,23,atletico madrid,france,128009521,941340,67,71,85,73,61,53
47,47,player_47,f7a9872fad6dbc97,CM,80,86,17,atletico madrid,france,124456077,587576,99,42,69,87,62,68
48,48,player_48,c122e42ba1453a5b,GK,84,86,23,atletico madrid,england,235475528,1744028,75,63,87,53,89,65
49,49,player_49,a18849f3f431f2ac,CM,76,82,21,atletico madrid,colombia,122419024,441365,68,65,70,77,50,75
50,50,player_50,35955bcc68e44e15,LB,77,79,32,atletico madrid,uruguay,107421352,436265,66,79,69,85,69,83
51,51,player_51,27a094a350a5ae91,GK,92,96,36,atletico madrid,netherlands,351915345,1955046,68,63,70,70,76,64
52,52,player_52,02c6c26873984801,CDM,88,96,26,atletico madrid,germany,351915345,1955046,77,53,87,85,61,66
53,53,player_53,ad169b6f887cd04a,CM,77,82,36,atletico madrid,argentina,86260124,605035,61,47,71,83,42,83
54,54,player_54,377f9af8f9fd952f,CM,78,83,30,atletico madrid,spain,164398470,976509,61,78,58,71,79,71
55,55,player_55,8738984457e3c9e2,RW,82,90,26,atletico madrid,uruguay,258281796,1321207,83,61,56,69,82,96
56,56,player_56,b4f94c31adc47111,CB,82,91,35,atletico madrid,spain,226982956,1075475,79,68,67,65,59,86
57,57,player_57,b814c0eec6531df6,RB,83,84,30,atletico madrid,uruguay,232311912,1374335,94,59,68,99,56,73
58,58,player_58,1f769e31e82452c4,CB,86,89,36,atletico madrid,portugal,289269230,1955046,56,84,60,53,49,58
59,59,player_59,8b9ac13968ad9e28,ST,79,82,19,atletico madrid,colombia,177445909,1243668,44,67,77,90,77,59
60,60,player_60,a22af40090fb2e53,CM,90,91,35,atletico madrid,germany,351915345,1955046,60,71,68,62,67,66
61,61,player_61,10311e1b3d54f337,ST,83,85,34,atletico madrid,colombia,294001147,1122187,62,59,84,65,86,66
62,62,player_62,6bebefa0e0cfcfcc,GK,87,93,25,atletico madrid,england,286728919,892123,69,67,64,79,76,77
63,63,player_63,6efb90355bb7668b,RB,82,90,36,atletico madrid,england,220047222,1534389,82,55,57,89,49,71
64,64,player_64,3b9ea95aff7b4aaa,CB,94,94,17,atletico madrid,spain,351915345,1955046,79,64,80,72,41,57
65,65,player_65,35075a2189c332ec,LW,87,91,33,atletico madrid,england,351678382,1955046,98,73,58,58,69,65
66,66,player_66,fe5cb820d8ee5703,RB,83,85,19,atletico madrid,france,201160447,1030589,70,78,61,71,62,79
67,67,player_67,91de99af2e3e53eb,LB,86,88,26,atletico madrid,portugal,247685839,898791,92,64,75,81,83,76
68,68,player_68,d38286bd2475903b,CM,72,75,26,atletico madrid,netherlands,71705540,507503,76,91,92,64,46,82
69,69,player_69,8bc56bcdfeebc626,RW,75,79,17,sevilla,netherlands,67053270,233277,72,83,73,51,66,85
70,70,player_70,90285ec3e98137ed,CM,77,85,30,sevilla,brazil,105303337,360508,91,73,74,61,49,71
71,71,player_71,d42016f1208de306,GK,83,90,20,sevilla,spain,289359236,1810771,78,73,75,63,56,75
72,72,player_72,6d4acb8ce647daa8,LB,80,85,19,sevilla,netherlands,160587873,881028,79,58,96,69,49,79
73,73,player_73,e0369ac2506c8e23,ST,76,78,28,sevilla,france,111620184,451427,72,81,62,87,62,40
74,74,player_74,586d547adece0681,RB,76,81,25,sevilla,germany,91487603,579402,74,46,94,57,88,63
75,75,player_75,785fcbab3c9c78d4,GK,77,83,31,sevilla,portugal,80838584,246272,72,99,73,74,68,76
76,76,player_76,bbd9c4c016ef9deb,CM,92,97,29,sevilla,netherlands,351915345,1955046,81,65,89,74,59,73
77,77,player_77,fe13c29d04b24bfc,ST,80,83,25,sevilla,netherlands,125303814,928769,77,75,67,71,52,67
78,78,player_78,b28d6b17bd4c80fa,LB,81,86,35,sevilla,portugal,166513747,1001201,48,78,71,71,85,54
79,79,player_79,4a2b49d35f8f2565,LW,88,92,28,sevilla,colombia,351915345,1627265,99,53,50,53,71,75
80,80,player_80,ec1cb89513bb634a,LW,79,81,36,sevilla,portugal,133463726,1056359,51,70,61,79,49,79
81,81,player_81,e19d909a188c8a5d,CB,80,87,34,sevilla,uruguay,169834181,1293425,75,69,60,44,57,66
82,82,player_82,8e411605644815c1,ST,79,85,33,sevilla,france,114340020,591211,60,78,67,75,60,58
83,83,player_83,cd8bc0c2c6ebcd8d,GK,84,91,19,sevilla,spain,299716231,1955046,85,44,69,47,61,67
84,84,player_84,676dab446c3d0ad0,CM,78,86,18,sevilla,colombia,140129599,629001,83,95,87,66,56,56
85,85,player_85,4cd18fe2a2d0e156,RW,91,94,18,sevilla,uruguay,351915345,1770610,89,75,66,68,88,61
86,86,player_86,539ef3f954eb4841,ST,76,76,31,sevilla,colombia,110833746,465954,57,54,70,79,67,74
87,87,player_87,db85a1dea7cde1cf,LB,80,89,27,sevilla,netherlands,176429172,905002,54,61,52,65,57,66
88,88,player_88,c340e99de57d8131,CM,93,99,34,sevilla,germany,351915345,1955046,79,72,67,77,68,69
89,89,player_89,e61da2e53418f549,GK,82,91,23,sevilla,brazil,238463000,1427160,66,65,55,71,61,65
90,90,player_90,150a7756105e0818,CB,73,81,31,sevilla,colombia,52890065,297528,84,94,72,89,38,78
91,91,player_91,49c8bdf95e537c68,CM,81,87,20,sevilla,germany,164593473,755073,79,71,67,60,36,72
92,92,player_92,1ee943a414fc203b,RW,86,93,28,sevilla,uruguay,351915345,1511147,55,73,78,50,86,60
93,93,player_93,b2c2481c6901b410,LB,80,86,19,sevilla,england,124269248,740853,78,75,51,78,82,95
94,94,player_94,15e5d83f8878825d,CB,85,91,20,sevilla,colombia,256547204,1535184,68,60,77,87,66,59
95,95,player_95,d7303331fbaabbf2,RW,76,84,18,sevilla,spain,120488518,737238,85,77,69,83,53,66
96,96,player_96,67270158d5876cbb,CB,92,96,24,real sociedad,brazil,351915345,1955046,80,68,77,87,75,61
97,97,player_97,5695d52a83f59072,CDM,82,85,34,real sociedad,colombia,218077732,1420441,44,80,71,41,73,66
98,98,player_98,ea5442c4bfe0b3e4,CDM,86,89,20,real sociedad,france,351915345,1647081,85,80,78,56,66,69
99,99,player_99,390e9895c6e515ff,ST,82,86,23,real sociedad,germany,193353835,1116624,89,67,74,71,83,42
100,100,player_100,a6e9f60435358286,CDM,81,84,25,real sociedad,brazil,202229424,1103902,83,37,69,68,59,70
101,101,player_101,ab2944bbdbdc7d66,ST,74,74,25,real sociedad,argentina,56780237,232373,74,76,80,67,43,78
102,102,player_102,19b5346c63022595,LB,77,84,34,real sociedad,france,112953475,397978,68,68,65,77,68,72
103,103,player_103,c529cfe48b9a2a3f,GK,71,77,25,real sociedad,spain,68087259,444697,85,85,52,56,72,63
104,104,player_104,4ece2bee294e9f1a,CDM,72,77,33,real sociedad,germany,77887184,409633,88,98,61,77,83,60
105,105,player_105,b449addec7af0380,RW,79,83,22,real sociedad,argentina,115906713,829381,81,99,89,86,81,68
106,106,player_106,49df8a72d8519608,CB,88,96,19,real sociedad,brazil,351915345,1955046,68,70,73,57,71,66
107,107,player_107,fbb61d9ffb56301b,LW,78,81,22,real sociedad,colombia,138507086,729677,94,76,55,86,58,80
108,108,player_108,d1e4e4bf5fc6f60b,ST,88,91,19,real sociedad,brazil,351915345,1955046,69,68,66,50,55,78
109,109,player_109,4b5d03dae261ad5d,CB,82,88,36,real sociedad,portugal,171825943,886564,54,53,67,67,72,67
110,110,player_110,bef0dcb42f955954,ST,86,86,35,real sociedad,england,328823915,1701204,71,70,60,80,38,61
111,111,player_111,de6b670a27eb6886,CB,78,81,35,real sociedad,uruguay,111122164,388858,64,86,76,61,57,60
112,112,player_112,4a08f7d28e9fa853,GK,85,89,18,real sociedad,england,280524318,1655828,56,67,59,86,99,88
113,113,player_113,dea9dd4d6862ed34,GK,83,91,32,real sociedad,portugal,246332001,1031919,75,62,62,68,79,69
114,114,player_114,a18f211eea79a543,CM,82,85,24,real sociedad,portugal,186670730,1294277,61,64,53,50,50,52
115,115,player_115,2623d35f11f54d8b,CB,77,79,33,real sociedad,spain,135766608,1034771,76,83,66,74,88,76
116,116,player_116,e7c24b81b3b9441c,LW,80,83,35,real sociedad,portugal,169908552,645650,60,49,90,76,41,43
117,117,player_117,621e521e0dc69ea0,RB,73,75,33,real sociedad,england,77265503,429899,60,63,69,45,51,41
118,118,player_118,6a6b262fb752dd6b,GK,91,93,31,real sociedad,uruguay,351915345,1955046,66,59,99,77,53,90
119,119,player_119,49b3dcc808c6dbb7,CB,80,81,18,real sociedad,netherlands,202924491,1114239,69,47,77,52,74,67
120,120,player_120,f501750d6b744fc0,CB,80,89,21,real sociedad,portugal,185413110,1380584,79,90,71,81,48,85
121,121,player_121,e1e75d0b67e450fa,CM,69,78,17,villarreal,brazil,52367976,210548,79,68,79,82,93,60
122,122,player_122,4c099903b62fa7eb,CM,77,80,26,villarreal,germany,120897245,657277,40,65,84,76,50,64
123,123,player_123,851a71faa5e199cf,CM,82,90,21,villarreal,spain,251951062,1429414,85,61,87,70,52,65
124,124,player_124,ee4d80e4040d419c,CB,79,86,29,villarreal,germany,101861156,405451,93,63,80,74,62,53
125,125,player_125,54cbc7fae2e519aa,CB,69,74,22,villarreal,england,33168517,261170,79,66,69,70,53,65
126,126,player_126,5d1d1f9ac5ef77e4,LW,84,84,23,villarreal,germany,189416713,851890,61,51,50,42,99,61
127,127,player_127,c2319c6d6fd51e57,CM,72,76,18,villarreal,argentina,58753118,304507,67,94,60,81,56,68
128,128,player_128,8319abb5d344f2d2,GK,80,85,18,villarreal,spain,206173897,1469030,81,77,89,77,75,61
129,129,player_129,cb0651332b164cd2,ST,77,84,29,villarreal,spain,83300254,559117,76,99,69,63,70,70
130,130,player_130,097ed5232550e497,CB,73,77,23,villarreal,colombia,89268466,612864,72,75,87,94,75,64
131,131,player_131,fe40596f4804a461,ST,80,83,24,villarreal,germany,208357379,1461479,58,91,67,58,61,70
132,132,player_132,0a359eefb01a873b,CM,85,86,32,villarreal,argentina,288342262,1286689,84,84,70,65,77,68
133,133,player_133,6a8d8ac2502d74df,RW,81,83,33,villarreal,netherlands,237792858,824893,99,48,47,65,65,63
134,134,player_134,05b0daebbe2911dd,LB,82,83,29,villarreal,france,261197806,848323,67,52,77,70,59,54
135,135,player_135,25c2482d2e24a723,CM,75,83,20,villarreal,uruguay,65162006,385717,72,69,72,84,83,53
136,136,player_136,f492b586a99bf54a,CM,72,80,20,villarreal,colombia,46530459,251554,70,77,59,72,67,65
137,137,player_137,c796423d4f9f9772,GK,70,79,24,villarreal,germany,53966791,186094,73,92,53,60,89,64
138,138,player_138,35d4ffca3a66aeb5,RW,85,94,25,villarreal,portugal,351915345,1955046,67,66,76,64,77,82
139,139,player_139,c4d43bcc7b8ec7d8,GK,80,85,19,villarreal,netherlands,160696611,1167876,79,61,58,81,68,66
140,140,player_140,8bdc490d621c6129,CM,71,78,32,villarreal,england,44751974,232385,74,62,78,99,63,50
141,141,player_141,a847a858f207c50f,CM,82,87,30,villarreal,brazil,229234400,733652,64,46,67,67,73,61
142,142,player_142,5bc15ed10a36c658,RB,75,75,19,villarreal,germany,80674693,323165,74,67,62,51,40,66
143,143,player_143,66e40ce2fe963233,CDM,75,81,26,villarreal,france,94366587,742105,78,44,81,59,44,74
144,144,player_144,37e03e400add9d41,GK,83,86,18,athletic club,portugal,180413240,1108135,49,69,83,86,77,70
145,145,player_145,1a9b3a06e2ef64f1,CB,86,91,19,athletic club,portugal,313066198,1912120,67,81,71,58,70,75
146,146,player_146,c22dedfad3b1e520,RW,89,91,27,athletic club,spain,351915345,1576161,69,76,53,78,64,53
147,147,player_147,51f8a302b6251908,CB,81,89,22,athletic club,england,179946170,1219895,67,77,87,64,54,67
148,148,player_148,6baabe78fcd7e0b2,GK,76,76,25,athletic club,portugal,95057800,462598,68,82,68,76,30,72
149,149,player_149,ba01ba1c29486090,LB,77,79,23,athletic club,colombia,116647413,428340,58,70,53,60,49,58
150,150,player_150,c29116c6b296e2fc,CB,71,77,20,athletic club,colombia,67314881,530320,96,56,56,67,85,83
151,151,player_151,2b96b768e7a0dd33,CM,80,84,36,athletic club,uruguay,179811503,868000,65,68,66,75,82,78
152,152,player_152,cdfb675ee9c3a050,ST,79,86,30,athletic club,argentina,119645901,821075,59,69,60,54,69,76
153,153,player_153,2db7eb36777b6faa,ST,71,73,27,athletic club,spain,48143590,335978,75,74,78,70,62,67
154,154,player_154,17e8e3b4025d9318,RW,80,87,21,athletic club,france,150365256,599288,77,46,79,75,66,64
155,155,player_155,3cadbb3ff4a40a8e,CM,68,71,31,athletic club,germany,40426853,273888,86,56,76,81,71,67
156,156,player_156,94789cccfc2b0841,GK,82,87,21,athletic club,netherlands,168902206,1000976,70,73,75,57,73,88
157,157,player_157,5d45512e64d8c2c2,CM,71,73,21,athletic club,france,64112656,323218,85,84,51,77,67,81
158,158,player_158,febd32b6b8e5dacb,RW,78,82,27,athletic club,netherlands,101033105,579447,59,86,75,70,42,64
159,159,player_159,6df38f9ada4f1191,RW,70,79,36,athletic club,portugal,49158121,294457,76,45,72,55,80,70
160,160,player_160,2deab5098cfb3db2,ST,75,81,32,athletic club,portugal,73212498,557140,79,55,63,82,72,77
161,161,player_161,7201e086157923ce,CM,76,76,21,athletic club,england,107929893,615510,69,45,65,55,65,56
162,162,player_162,8854e4dd33e27b29,RB,70,78,28,athletic club,argentina,51032637,399756,80,62,76,72,54,77
163,163,player_163,debbac12c7d9dd7d,GK,75,84,26,athletic club,germany,100594506,416544,67,85,57,70,70,60
164,164,player_164,4d45de76d35fa592,CB,87,93,30,athletic club,france,351915345,1302039,75,81,64,63,42,60
165,165,player_165,607a28e3357abb03,CM,76,82,24,athletic club,france,117749817,755670,72,49,65,57,68,63
166,166,player_166,8018ab5b1fb889c2,CM,78,82,33,valencia,portugal,118521069,483144,85,83,88,69,79,80
167,167,player_167,97669c42df405446,GK,58,62,27,valencia,france,11549214,74540,64,84,80,64,54,68
168,168,player_168,bafcbaee3af29e93,CB,80,84,31,valencia,portugal,132298765,741697,84,86,84,67,37,74
169,169,player_169,2abe6d4a0e006ed3,LW,68,68,27,valencia,brazil,31929920,167931,83,58,70,76,37,55
170,170,player_170,574ad454567c4579,CB,93,99,20,valencia,germany,351915345,1955046,72,54,68,60,69,49
171,171,player_171,886e3b461d074c92,CDM,88,93,26,valencia,france,318267590,1252751,60,72,69,65,49,79
172,172,player_172,3dd8ae25ea04e288,ST,72,73,22,valencia,netherlands,60557304,229648,64,72,76,72,69,80
173,173,player_173,579c27d5146042ae,CDM,84,93,33,valencia,spain,271915769,1217941,63,42,72,79,78,47
174,174,player_174,785e86e37df0910b,CB,74,81,33,valencia,argentina,88795986,545909,68,62,61,68,61,81
175,175,player_175,28dd96ea4e495f54,CM,67,68,34,valencia,england,34596730,237733,72,43,89,60,84,60
176,176,player_176,18c77683865f2621,LB,80,85,19,valencia,portugal,211935366,1253300,58,60,40,59,88,56
177,177,player_177,4be162470ed7420b,LW,70,72,34,valencia,france,49925811,183540,92,66,71,60,66,72
178,178,player_178,22709d66ef9fbacd,ST,75,80,32,valencia,germany,109264734,672958,72,65,78,72,38,49
179,179,player_179,1cbf954c54ee4c6a,CDM,69,77,20,valencia,germany,42994126,240698,84,77,85,74,59,58
180,180,player_180,b88a950ae9dcbe4a,ST,78,81,32,valencia,brazil,159504903,997462,64,84,68,86,63,56
181,181,player_181,d4b9bd2e65a12c57,CDM,80,84,32,valencia,germany,188844828,1390355,56,46,77,74,67,59
182,182,player_182,0353251b376cc266,CB,74,81,23,valencia,france,84677203,650311,54,75,75,60,64,86
183,183,player_183,025c066c5bff071c,RB,75,83,20,valencia,argentina,68228249,356565,87,43,84,76,75,66
184,184,player_184,cc0c290823049ab5,CB,78,83,26,valencia,uruguay,136507594,813726,65,66,74,64,63,50
185,185,player_185,450e1f6cfdfbbe62,CB,95,95,32,valencia,netherlands,351915345,1955046,90,59,89,48,67,69
186,186,player_186,f7766ae19256f754,CM,73,82,27,valencia,uruguay,60010114,404154,62,71,69,85,50,40
187,187,player_187,9e7f4109f52fc1c6,CM,77,81,36,valencia,uruguay,122815203,577892,53,91,64,77,89,67
188,188,player_188,ca4043eb8278b37e,RB,64,72,21,valencia,spain,31197569,98113,88,81,89,75,51,69
189,189,player_189,e9364d7f7e208b2a,CDM,83,83,27,valencia,france,252375009,1565372,91,71,69,55,64,92
190,190,player_190,f186fb47d34ee3e4,CB,76,85,29,valencia,portugal,122860440,806188,85,77,78,66,80,61
191,191,player_191,3922457d48f4d8da,CM,74,80,23,real betis,spain,96441136,657516,67,70,70,51,53,75
192,192,player_192,32b1b9fc19752b37,CDM,80,80,32,real betis,uruguay,145460157,1156034,65,48,71,66,81,57
193,193,player_193,c74d4873c3c84d7c,LW,75,79,23,real betis,germany,98649478,786943,78,86,56,60,70,63
194,194,player_194,1bbf957c8f48dbb2,LB,77,82,28,real betis,portugal,142764640,477207,78,62,52,83,79,66
195,195,player_195,f9c04219641d7574,CB,79,83,24,real betis,brazil,171098864,1079706,60,49,60,63,83,70
196,196,player_196,0b41f5d405ef6931,LB,66,67,36,real betis,brazil,34291463,133960,61,63,55,75,77,83
197,197,player_197,e9d1a73318f36bee,CB,76,78,21,real betis,germany,92381741,731469,61,42,72,72,67,51
198,198,player_198,bf37edb541986d8b,ST,70,75,26,real betis,uruguay,35775991,216606,83,45,65,61,83,64
199,199,player_199,d22966e90f82bb8b,CB,73,81,20,real betis,germany,61668860,347542,50,48,69,69,65,66
200,200,player_200,e4b2b30ed5fdade2,CB,82,84,28,real betis,uruguay,187388853,950502,74,35,67,70,74,67
201,201,player_201,b86c5cff6910baa4,ST,69,69,33,real betis,france,48209272,216404,66,99,40,81,70,79
202,202,player_202,146817b95932d0c6,CM,79,85,24,real betis,colombia,132600193,418405,50,57,67,56,57,55
203,203,player_203,47f58b263f4254da,CB,78,81,33,real betis,brazil,146142978,1143299,92,58,65,87,50,58
204,204,player_204,e11e1db3d69327ef,CM,70,78,30,real betis,spain,60599513,236619,82,94,78,38,46,71
205,205,player_205,b17d17703115331f,GK,78,79,28,real betis,uruguay,96914378,494519,91,85,68,55,66,53
206,206,player_206,82c51f9384ba9b24,LB,75,81,20,real betis,spain,105925145,714028,72,63,76,66,43,76
207,207,player_207,e079f3bba7aac9ca,CDM,73,77,35,real betis,portugal,70782878,541302,85,79,67,97,78,95
208,208,player_208,820c388d20eb7d49,CB,76,79,19,real betis,spain,98008913,561666,46,66,90,79,89,82
209,209,player_209,409772d3589fd4bf,GK,77,80,34,real betis,portugal,104455731,750986,68,64,60,69,60,51
210,210,player_210,2e9439ca68b0f663,RB,81,89,26,real betis,france,180328119,1104340,90,62,59,78,60,73
211,211,player_211,6d58ab9aef7a1627,LB,73,74,28,real betis,england,58647749,276832,85,57,53,82,83,55
212,212,player_212,fdc19e0f9d3020b3,CDM,74,75,33,real betis,france,102255045,817347,59,73,76,67,61,60
213,213,player_213,b7a19ea4559def05,RB,73,78,32,real betis,england,85227659,447194,91,54,86,85,53,64
214,214,player_214,b14442d061f6f956,LW,69,70,33,osasuna,netherlands,37287169,207820,79,90,74,50,70,62
215,215,player_215,c24b2bc3dc74b6bb,LW,74,76,32,osasuna,netherlands,71328606,444761,73,73,60,54,77,40
216,216,player_216,ad0760ee18c396bc,CM,74,74,29,osasuna,uruguay,89543878,412559,76,50,74,84,67,70
217,217,player_217,1470ee8526df4ca1,CDM,74,76,33,osasuna,brazil,60925478,211216,66,55,68,71,76,79
218,218,player_218,b3b96eee1ed2204e,CB,74,79,24,osasuna,england,76484522,492551,70,50,72,69,74,76
219,219,player_219,9cddf82b2e8b2670,ST,64,67,26,osasuna,brazil,21063928,88004,49,62,58,66,59,78
220,220,player_220,f8ecad3dd0955081,CB,79,84,25,osasuna,argentina,161391705,1009795,61,62,63,67,63,45
221,221,player_221,73031f7136410a30,ST,65,74,20,osasuna,germany,21981015,135931,61,67,63,80,74,62
222,222,player_222,59392cbf22bf37d5,CM,78,85,18,osasuna,france,130437121,608863,80,69,45,69,59,67
223,223,player_223,d5839d4cc67a72fc,CDM,86,90,19,osasuna,germany,351915345,1644664,51,48,54,69,88,57
224,224,player_224,f877c700a4dcaa73,LW,75,80,30,osasuna,portugal,98920042,596978,86,59,69,86,70,56
225,225,player_225,b9fe015c62ddddef,CDM,79,83,23,osasuna,england,113267626,864293,58,75,62,72,61,84
226,226,player_226,969ce86760651a11,LB,76,76,18,osasuna,netherlands,104377724,822942,74,72,70,53,40,88
227,227,player_227,8145d861f80d2271,RB,74,75,36,osasuna,uruguay,73804095,247877,84,45,81,55,42,74
228,228,player_228,79c8415e79c01fff,CB,68,71,26,osasuna,france,40391131,193093,82,79,76,90,86,81
229,229,player_229,baab61a8a3793de5,CDM,79,84,22,osasuna,germany,142623223,986414,75,47,49,58,73,64
230,230,player_230,84b0726c296a0572,CM,67,75,25,osasuna,brazil,37499187,266475,45,61,84,61,47,68
231,231,player_231,3f80431cecbd2d40,CM,71,71,35,osasuna,brazil,59064526,183726,70,42,72,80,80,83
232,232,player_232,67327211b4d94141,CB,75,75,22,osasuna,france,103778402,508010,84,49,61,64,38,70
233,233,player_233,b0471c469c0d7063,RW,70,71,26,osasuna,colombia,45545572,255000,55,66,86,77,57,46
234,234,player_234,86a2bc499287c4b4,CM,77,78,24,osasuna,brazil,84162654,305254,84,83,99,88,52,81
235,235,player_235,72c863535d001f60,CB,71,78,25,osasuna,colombia,59706855,441148,90,75,61,69,58,65
236,236,player_236,a9374dc41ecc1e80,CB,72,74,30,osasuna,brazil,64466415,467719,60,69,76,88,30,57
237,237,player_237,18615c3e7d82e43d,CM,70,79,17,osasuna,england,54580267,242378,97,98,64,56,71,71
238,238,player_238,d22be24e733c3977,LB,81,90,26,celta vigo,brazil,178618073,1265575,53,96,71,56,62,60
239,239,player_239,46aab1caeedb9c4f,LB,78,86,20,celta vigo,colombia,119357079,713841,58,62,40,79,57,70
240,240,player_240,dfd2ee07a7dd300e,CB,76,82,35,celta vigo,spain,119735865,401521,67,68,65,84,68,73
241,241,player_241,a8910cd68f8ef7c5,CB,72,80,20,celta vigo,netherlands,55705557,172299,68,93,59,50,80,61
242,242,player_242,a5e09ed9b7e181ae,CDM,78,84,30,celta vigo,spain,112726750,526059,83,77,64,53,30,86
243,243,player_243,d7e9d8b2980ecfe2,RW,73,79,28,celta vigo,spain,78456162,331814,97,47,91,77,41,65
244,244,player_244,dd7c3e57cb0bf7b2,LW,72,75,17,celta vigo,england,46812268,191589,87,88,58,87,58,66
245,245,player_245,1dcdf86e4ee13c97,RB,64,70,23,celta vigo,france,22629573,161364,53,67,84,63,93,76
246,246,player_246,6c522094b8a66550,RB,75,81,29,celta vigo,england,104042708,572000,70,64,50,56,44,60
247,247,player_247,6a0621704b56b745,CDM,72,77,29,celta vigo,france,48852377,246993,76,65,51,69,50,54
248,248,player_248,6b0798b26cd9318f,CM,73,74,18,celta vigo,germany,76072161,477299,66,61,67,96,55,57
249,249,player_249,e67ee8da44e63151,CDM,56,59,24,celta vigo,spain,8669015,59191,48,73,60,59,77,67
250,250,player_250,fe7d5c564b2b54eb,CB,71,76,25,celta vigo,spain,59983682,419057,80,66,46,64,61,73
251,251,player_251,7689f67d8b2268b4,LW,77,86,29,celta vigo,uruguay,80592549,280449,67,35,69,51,82,72
252,252,player_252,d5278bcc6b4b2349,LB,79,81,24,celta vigo,portugal,128528595,689125,85,37,83,63,56,61
253,253,player_253,c1790d0b9798a5d4,CB,73,81,27,celta vigo,uruguay,85576516,433730,49,64,85,86,30,73
254,254,player_254,bdb086f8f46522db,RB,63,70,23,celta vigo,germany,18595658,108034,74,69,87,62,81,70
255,255,player_255,54d43e63824c2d19,LB,77,84,27,celta vigo,uruguay,109721285,744802,76,61,71,64,43,76
256,256,player_256,ee36637157671817,GK,74,76,33,celta vigo,colombia,83189030,514020,70,79,74,79,52,73
257,257,player_257,17f3fd75ba63ccc8,GK,74,82,27,celta vigo,argentina,100037670,711210,71,69,51,75,67,69
258,258,player_258,d48b8f4e65799123,LW,67,73,35,celta vigo,england,29216967,124300,68,44,75,75,72,49
259,259,player_259,427101171dd03730,CB,88,88,28,celta vigo,spain,351915345,1955046,61,66,65,55,54,66
260,260,player_260,ab79525c79553aa5,RW,75,82,34,celta vigo,netherlands,113043161,665929,86,63,55,75,63,83
261,261,player_261,3c632ba7e70988b3,LB,68,71,23,celta vigo,netherlands,44341648,277166,74,75,74,49,83,70
262,262,player_262,118267496581bbe9,CB,84,84,30,celta vigo,germany,303890011,1493422,82,64,87,54,52,64
263,263,player_263,e30bb771f0996e8a,LB,71,75,32,celta vigo,spain,70955724,306355,64,71,75,57,65,67
264,264,player_264,b569f621ab6376b1,LB,72,73,34,getafe,argentina,53221195,364582,60,93,60,85,73,60
265,265,player_265,becacb0e81af57ab,CM,69,76,27,getafe,england,42831287,160126,61,61,63,85,68,68
266,266,player_266,0f05ab8e01e924e2,LB,66,72,22,getafe,portugal,31207447,131057,78,67,86,85,47,70
267,267,player_267,65a2f9760be69ac0,CM,72,78,26,getafe,netherlands,56412299,254190,89,46,99,87,48,64
268,268,player_268,97c4ca8d58b22c4c,CB,71,79,22,getafe,germany,65530095,241006,73,71,66,58,84,63
269,269,player_269,d98591dea0749022,RB,70,70,28,getafe,brazil,56016832,172913,69,52,80,67,44,81
270,270,player_270,f4b010b9e23cc99c,LW,79,87,32,getafe,argentina,160296207,1281177,73,75,47,79,88,42
271,271,player_271,69091c2ccd75a4c4,CM,69,74,17,getafe,uruguay,35824790,226886,58,88,61,54,59,61
272,272,player_272,f3c897e76e8624e2,ST,63,68,35,getafe,france,19932388,144130,87,61,71,53,64,74
273,273,player_273,016870759a54d562,CM,73,82,28,getafe,france,64354800,288165,61,38,62,55,62,65
274,274,player_274,6c1ed0e00a314ea7,CB,67,74,21,getafe,spain,36241891,170841,51,77,69,57,55,53
275,275,player_275,c2afe457fa4de52f,CM,60,66,28,getafe,colombia,12909694,95202,51,66,68,79,64,73
276,276,player_276,0a1ff6a2f8680928,CM,73,81,18,getafe,brazil,62188865,425288,67,64,81,61,84,72
277,277,player_277,d3ed49aaccfcec32,RB,75,75,20,getafe,brazil,74783894,447581,82,41,97,68,51,85
278,278,player_278,2ccb74a95caad4a1,CB,67,68,19,getafe,portugal,37707843,138370,74,69,87,69,67,72
279,279,player_279,6cf942ea3eed4daa,RW,73,73,17,getafe,brazil,71721045,340756,62,70,73,66,30,71
280,280,player_280,1e44102a602ea333,GK,79,81,31,getafe,england,130585733,979390,98,65,85,64,41,76
281,281,player_281,956d5b787bd23b90,GK,73,80,35,getafe,spain,57163746,179050,89,89,99,48,40,53
282,282,player_282,bbe26bc0997645e9,CM,73,74,26,getafe,netherlands,60464045,189329,67,77,56,72,65,75
283,283,player_283,645ca2823b870f48,CB,66,69,35,getafe,brazil,27381026,171900,61,59,43,62,84,53
284,284,player_284,f6f66536a7f40143,LW,83,92,36,getafe,uruguay,245937557,1405125,77,54,60,73,74,90
285,285,player_285,c5f8c0d2e974914d,CM,80,89,28,getafe,germany,197482999,743121,73,90,52,70,74,57
286,286,player_286,2784b22920314d33,CM,66,74,26,rayo vallecano,colombia,28018854,196820,53,80,85,66,71,58
287,287,player_287,2cf2ece56605af8b,LW,64,71,20,rayo vallecano,netherlands,28111903,88202,67,72,57,53,72,72
288,288,player_288,f9816cedc9b84741,RB,64,69,30,rayo vallecano,spain,21122883,162653,68,80,54,73,56,75
289,289,player_289,ad41598b6a372639,RW,83,92,35,rayo vallecano,colombia,219299923,816971,86,63,73,80,38,79
290,290,player_290,018c096d4cce2462,RW,68,77,24,rayo vallecano,france,30794435,129490,64,76,84,79,80,58
291,291,player_291,7f97662779d2909f,CM,84,84,32,rayo vallecano,france,308807944,971808,46,55,66,39,69,69
292,292,player_292,8456c55251341868,GK,70,77,34,rayo vallecano,england,54905570,203808,49,35,68,61,64,68
293,293,player_293,969f9c21570d5012,CM,70,76,21,rayo vallecano,spain,52951234,328385,69,71,70,66,83,69
294,294,player_294,49120b8dbf57a3e4,CDM,69,76,17,rayo vallecano,portugal,53458564,367468,79,65,66,81,66,55
295,295,player_295,6762dfc6a6cd4d20,CB,77,83,18,rayo vallecano,brazil,141527190,788359,55,73,56,62,49,63
296,296,player_296,2d708b18f2899b67,LW,70,75,23,rayo vallecano,germany,55570567,178799,76,81,61,59,43,67
297,297,player_297,fe768a27368e3cf9,ST,74,78,19,rayo vallecano,portugal,85908984,580448,45,56,51,56,70,63
298,298,player_298,e2e4fc099f5810f1,ST,63,66,20,rayo vallecano,germany,18963880,151556,54,70,67,77,48,49
299,299,player_299,32f752d5c7bc2fad,CM,66,69,34,rayo vallecano,netherlands,28562276,100556,58,70,65,87,59,57
300,300,player_300,1d8754abb6e77624,CM,72,79,20,rayo vallecano,brazil,70598819,314058,83,92,88,77,66,72
301,301,player_301,1f942676b4aa7a9b,RW,72,77,29,rayo vallecano,portugal,78198263,355912,80,53,88,62,50,72
302,302,player_302,2b163405f0f6665c,LB,73,73,26,rayo vallecano,england,86016394,553671,66,53,51,77,69,80
303,303,player_303,ea91c1ff631b0acf,LW,78,81,34,rayo vallecano,portugal,98515970,609199,72,54,90,77,60,52
304,304,player_304,bf8ea429606a269d,GK,77,85,22,rayo vallecano,colombia,145659391,717265,79,43,68,59,75,68
305,305,player_305,d3a4da6f7ce0d04d,CB,77,85,35,rayo vallecano,brazil,145472744,452472,89,35,77,59,62,51
306,306,player_306,9c600ef1454e493b,GK,73,76,19,rayo vallecano,spain,69100270,535128,96,67,66,80,72,68
307,307,player_307,08bc45ed908020e5,LW,82,87,21,rayo vallecano,england,243160154,906154,71,61,86,65,49,77
308,308,player_308,918b13dc7dcbf962,RB,58,63,32,rayo vallecano,germany,9421729,62425,80,60,73,86,44,67
309,309,player_309,633e7d94eb295ade,ST,76,80,17,rayo vallecano,netherlands,117597288,845321,77,96,66,57,60,65
310,310,player_310,0168559a7b6867c9,CM,64,65,27,rayo vallecano,uruguay,29569250,145997,85,42,85,59,50,83
311,311,player_311,5fd701e8174a4d2d,LB,72,76,29,rayo vallecano,portugal,73147054,334842,59,56,79,55,61,67
312,312,player_312,aa49ab5ae9d7a11a,CM,68,69,18,girona,england,49876479,368817,95,57,86,65,82,71
313,313,player_313,ad2969453f7c6319,CM,71,79,32,girona,colombia,56086019,185335,90,76,86,74,85,51
314,314,player_314,88450c111904ef14,LB,57,57,33,girona,uruguay,11068744,48981,75,66,68,75,37,50
315,315,player_315,3a1d4236dc28dabb,RW,71,74,33,girona,brazil,69263544,418291,61,54,70,69,51,88
316,316,player_316,3d77bd8814b44241,CM,69,74,24,girona,france,55596195,396915,69,82,92,86,64,67
317,317,player_317,f5b39ce58ff4ded5,LW,78,78,20,girona,spain,150005200,932421,73,92,75,71,66,71
318,318,player_318,34a72fa2ce37cf62,ST,65,67,27,girona,france,27913732,125746,78,72,79,60,62,73
319,319,player_319,e441533ffb64648d,CM,69,78,29,girona,brazil,47416748,351057,63,93,98,53,78,71
320,320,player_320,8fb5beff38b14caf,RB,66,70,36,girona,england,26033141,86767,55,58,55,78,55,71
321,321,player_321,804be5245e29ee4c,CB,60,61,30,girona,argentina,16655809,98665,58,59,68,78,59,59
322,322,player_322,905f2408a6260d7b,RB,69,71,33,girona,england,44672130,345629,68,61,45,58,85,65
323,323,player_323,e71fb3dea8c09dfa,ST,68,69,24,girona,portugal,32350980,240335,80,65,80,85,64,79
324,324,player_324,d558087591ab045d,RW,62,69,18,girona,england,17542171,94757,48,74,65,76,74,41
325,325,player_325,d6e84d36703b695e,RW,75,80,32,girona,argentina,83855999,620506,52,87,69,56,60,76
326,326,player_326,ea100a52ed4ed38a,CM,65,66,27,girona,netherlands,31233526,173373,83,55,65,65,52,74
327,327,player_327,b6d90dfd41966aef,CM,75,83,22,girona,france,64375363,258324,74,85,73,64,70,62
328,328,player_328,ed43d8fa459888e4,CB,70,77,31,girona,france,48121271,176576,85,53,81,91,40,77
329,329,player_329,b1d4886becb8f09d,CM,69,75,36,girona,colombia,32607729,213341,60,70,82,47,60,68
330,330,player_330,4d23e84e2e5f632d,ST,55,58,35,girona,england,10328173,32257,67,66,63,68,68,59
331,331,player_331,2a711cafd3e98692,RW,74,79,29,girona,france,87837299,592911,62,68,63,73,73,56
332,332,player_332,4c47fdff8e44a34c,CB,70,71,23,girona,netherlands,39489209,174813,80,63,53,72,64,74
333,333,player_333,9a98cf72e21f4b72,ST,72,78,36,girona,germany,54309197,365028,74,77,70,76,76,67
334,334,player_334,32e3e86b34a52d65,CB,79,85,21,girona,spain,161547190,625077,88,76,47,79,30,62
335,335,player_335,a46a8ca33f1b3f7a,LB,67,74,29,girona,colombia,33797393,177411,93,69,61,73,70,52
336,336,player_336,eb2f559241b1a4c8,CM,67,67,23,mallorca,portugal,42007197,192777,85,63,72,42,70,61
337,337,player_337,3b65be4287eb3809,GK,71,75,18,mallorca,uruguay,70132518,473758,72,69,51,63,50,52
338,338,player_338,e00543e38468b041,RW,68,71,25,mallorca,spain,40957046,204224,66,83,63,68,62,66
339,339,player_339,07aef4f3b14ac5f4,CDM,67,68,36,mallorca,germany,24913558,186623,51,88,71,79,65,75
340,340,player_340,d191e9c75901e3cb,LB,64,66,28,mallorca,argentina,26666666,188489,78,59,53,64,40,68
341,341,player_341,42e559c85d1683d9,LB,61,68,31,mallorca,england,21361314,71814,58,40,68,64,66,40
342,342,player_342,4c074bf4ce04457c,CDM,69,76,34,mallorca,uruguay,51434571,239978,93,86,56,59,44,71
343,343,player_343,b26bab366d517897,LB,60,68,25,mallorca,france,13594315,90981,51,71,99,77,47,91
344,344,player_344,31e7f032b0a337aa,CDM,64,72,24,mallorca,portugal,19582503,61412,90,89,61,59,67,84
345,345,player_345,24e06eb8b69feaca,LB,66,69,23,mallorca,france,38086551,157125,77,59,42,47,65,67
346,346,player_346,00e6444b51496dbe,CDM,81,89,17,mallorca,colombia,173105125,933464,63,74,69,71,56,79
347,347,player_347,7a6bc650c7da7d06,RW,65,72,22,mallorca,netherlands,30925908,209734,79,70,57,63,78,58
348,348,player_348,09c767a2d511fd7a,RW,77,83,31,mallorca,colombia,91012594,473407,81,83,72,55,64,56
349,349,player_349,2fc4472243d7c5f0,RW,68,77,18,mallorca,brazil,33399277,229927,66,66,68,84,71,71
350,350,player_350,c40a7b2e9dde494e,RW,63,69,21,mallorca,spain,21306688,169153,78,78,50,38,62,75
351,351,player_351,25d173637edbc820,GK,62,63,33,mallorca,germany,15888124,86822,74,77,95,62,76,70
352,352,player_352,f7b08dd89ab8f91b,LW,65,71,27,mallorca,brazil,22619379,132647,57,66,61,67,50,62
353,353,player_353,fa12e3ac2d9d4a83,CDM,63,64,35,mallorca,netherlands,26347696,204218,59,58,76,60,60,73
354,354,player_354,89a7b8f2de23128e,CDM,62,64,17,mallorca,england,15269260,91508,86,63,66,65,72,66
355,355,player_355,eabba0bd8ec687bb,ST,71,78,20,mallorca,france,40230713,163347,79,42,79,81,90,85
356,356,player_356,a1ade61fc4e8e183,RW,77,82,36,mallorca,colombia,127984272,582263,51,63,74,77,59,51
357,357,player_357,fb15ed2eb223a542,LB,70,77,27,mallorca,france,62437441,225249,81,49,92,64,64,51
358,358,player_358,1b911c4b4966d598,LW,60,62,23,mallorca,france,12767870,45403,67,54,67,96,36,71
359,359,player_359,d20b2ce5c9157824,CB,71,71,28,mallorca,brazil,62686206,491979,94,73,79,81,59,53
360,360,player_360,c07d68a033f812e5,CM,69,69,17,mallorca,uruguay,45260912,247975,77,67,44,49,61,82
361,361,player_361,873198e6add0bdb8,RB,60,65,18,mallorca,france,18165253,73856,54,69,73,64,52,65
362,362,player_362,6c904f00fe8eb38c,CB,62,64,29,almeria,argentina,23998713,82344,59,69,69,62,58,58
363,363,player_363,307822e83dc63572,RW,68,68,31,almeria,colombia,32993523,217103,72,61,77,78,33,75
364,364,player_364,8334c5ad2b01d250,RB,65,72,23,almeria,netherlands,32335711,252172,52,82,76,54,70,69
365,365,player_365,ba9dbc8383e7cef1,LB,64,73,28,almeria,colombia,22713752,112837,66,71,41,80,71,66
366,366,player_366,8f52f0c1254268c0,CDM,66,73,32,almeria,england,31095753,163998,70,84,73,50,75,63
367,367,player_367,a3aad3a3108cd34a,LB,74,74,19,almeria,netherlands,87227133,411367,44,85,59,68,84,56
368,368,player_368,e49365c72d37d99c,LW,75,79,25,almeria,colombia,99825935,687529,74,50,57,81,62,77
369,369,player_369,dc5002f71cdf3044,CB,74,80,26,almeria,brazil,77839385,418240,66,62,62,74,60,87
370,370,player_370,2a7b368d8fa4d792,CB,58,67,28,almeria,france,12918079,55974,73,60,64,52,47,67
371,371,player_371,8049bd4a839904a6,LW,59,61,21,almeria,netherlands,16168251,97086,64,67,55,69,86,70
372,372,player_372,7e0089d071a7ea67,LB,71,72,24,almeria,colombia,50940086,153865,77,70,75,64,75,90
373,373,player_373,e216d074d0abb710,RB,73,75,31,almeria,france,65261135,350713,73,65,44,69,73,83
374,374,player_374,7ea495f0ece798b9,LB,67,72,27,almeria,spain,27107295,111941,77,61,55,53,63,71
375,375,player_375,80939c666445c21e,CB,73,79,31,almeria,brazil,74870985,231094,70,64,84,60,59,80
376,376,player_376,a7535c2d8462624d,GK,70,71,24,almeria,portugal,37672844,272006,80,89,68,66,63,47
377,377,player_377,56f0cad109690a91,CB,61,66,27,almeria,uruguay,21200050,143530,85,70,71,59,66,99
378,378,player_378,7f6e8a24be95f80a,GK,78,82,20,almeria,france,131334780,445365,74,70,71,47,47,49
379,379,player_379,ad2ecb44efbddd82,RB,68,73,26,almeria,brazil,33016853,242976,63,70,64,89,54,61
380,380,player_380,121ca2e7f268e3d1,LW,70,72,25,almeria,brazil,46773427,333064,40,82,74,74,92,57
381,381,player_381,daeacea8f8b7c862,CDM,74,82,30,almeria,spain,83632839,593127,66,67,57,59,96,51
382,382,player_382,8aca1016a538bd11,CB,69,76,36,almeria,france,50684072,243798,77,66,73,46,45,53
383,383,player_383,57d565ce8f096ea4,CDM,70,79,36,almeria,argentina,58628194,209077,68,46,60,57,62,50
384,384,player_384,c69fc97e32efa2f2,LW,67,67,35,almeria,netherlands,27387535,134809,71,70,55,69,69,77
385,385,player_385,4e9af75b72e87db8,CB,69,71,26,almeria,argentina,34550893,156741,52,70,78,70,67,79
386,386,player_386,39d1b7c7fb23b597,CM,57,58,31,almeria,portugal,9407538,36381,80,73,66,51,30,64
387,387,player_387,bcb6707101a93f19,CM,71,77,33,almeria,germany,64790183,452484,73,65,65,70,99,65
388,388,player_388,3aa1f1c8463eb129,LW,72,73,31,cadiz,colombia,51254786,226943,64,53,43,83,57,94
389,389,player_389,ee1d6b3af051bcba,CDM,66,68,31,cadiz,germany,25248669,177482,54,56,64,74,78,71
390,390,player_390,05514fbc2e0cd6b4,CB,59,62,29,cadiz,uruguay,11571269,66215,82,99,68,68,72,61
391,391,player_391,d381b472bb0be2bd,CB,55,62,33,cadiz,netherlands,8724447,50116,74,78,77,78,62,61
392,392,player_392,bba418c972bee59e,CB,55,56,36,cadiz,uruguay,9096689,72412,57,67,64,55,62,59
393,393,player_393,cd18b0f98aa6e7ee,LB,78,82,29,cadiz,netherlands,99595416,792770,78,51,76,69,80,64
394,394,player_394,05c1e6b10b001a45,LW,72,77,24,cadiz,brazil,70401132,332151,64,55,80,70,38,90
395,395,player_395,0d97f69425f4a067,LW,69,73,19,cadiz,portugal,40071413,194629,73,62,61,80,88,89
396,396,player_396,8f8a44af31243c84,CDM,70,70,27,cadiz,spain,55911884,348228,71,67,61,70,62,68
397,397,player_397,c4469eefa412f609,CB,72,80,17,cadiz,netherlands,44040272,207707,48,72,67,72,75,65
398,398,player_398,9831f57db1f5840f,CM,61,65,29,cadiz,netherlands,19968215,121273,83,99,76,62,75,58
399,399,player_399,7cb7eb514f74b281,CDM,72,81,28,cadiz,france,62238272,388820,83,69,53,75,65,74
400,400,player_400,719f98ccfcca4b41,CM,66,67,22,cadiz,argentina,26227988,102208,92,53,84,73,55,63
401,401,player_401,0007e0add365a134,RB,74,81,22,cadiz,france,78339331,587103,92,64,79,80,56,84
402,402,player_402,53f34ef493274300,LB,58,60,32,cadiz,brazil,10520145,51568,74,56,63,70,51,74
403,403,player_403,e5db925e7e528233,GK,65,72,32,cadiz,france,19297901,91823,70,77,74,71,62,82
404,404,player_404,f4c7b0759b2623fa,RW,65,68,21,cadiz,brazil,19402620,123034,83,80,45,67,57,75
405,405,player_405,aa7e89a00fb69814,RW,73,82,34,cadiz,england,78856894,565943,85,68,64,76,86,87
406,406,player_406,a4e4297a3e3d1377,CB,59,62,23,cadiz,colombia,12294655,77548,63,86,50,47,30,69
407,407,player_407,5080cbf86ef1cd83,CM,64,70,35,cadiz,portugal,19367495,121858,50,73,59,64,57,85
408,408,player_408,d80dba0649d00594,ST,55,55,36,cadiz,brazil,6797339,37994,69,54,62,74,49,63
409,409,player_409,7f70314e2c55249b,RB,68,76,20,cadiz,england,37097978,223619,55,40,77,55,60,65
410,410,player_410,6313d299fc91b622,CB,71,78,32,granada,england,53762542,224089,81,40,61,76,60,49
411,411,player_411,722165ccae191962,LB,57,59,25,granada,argentina,13230608,63313,78,50,61,72,38,80
412,412,player_412,ca9b5bcf466d7f24,RW,57,58,33,granada,brazil,8585013,46343,88,83,79,56,56,65
413,413,player_413,56dbfe0625524088,LW,55,58,23,granada,england,7773674,33725,99,74,62,77,38,64
414,414,player_414,da28bd5d2c97093c,LW,59,68,34,granada,france,13217511,50220,63,60,95,66,70,71
415,415,player_415,141449a4a64fc336,LB,58,60,20,granada,colombia,13452430,60083,76,68,74,81,47,55
416,416,player_416,3c90c68416228e25,RW,77,80,24,granada,portugal,137052215,414881,47,54,80,74,73,70
417,417,player_417,1fe9697592c9ea59,CM,59,64,29,granada,france,10827882,55510,99,76,75,55,46,66
418,418,player_418,405f9f873b14ada1,CB,61,67,28,granada,brazil,14804962,108050,59,64,75,60,66,74
419,419,player_419,9f83f256dab1f2f3,GK,66,74,18,granada,netherlands,23957123,85195,74,87,74,70,72,61
420,420,player_420,866329c6537f5bc1,LW,59,63,18,granada,spain,16561153,88981,78,66,81,65,45,62
421,421,player_421,21f0ec9815a45ba0,CB,62,70,34,granada,colombia,14169165,66038,49,51,67,79,65,76
422,422,player_422,c93e42ab94111907,RB,65,73,18,granada,netherlands,32955299,247014,67,63,89,46,58,76
423,423,player_423,87bee18388dda4c9,LW,58,62,17,granada,netherlands,14791609,115842,95,86,67,87,72,62
424,424,player_424,c184924f621c8f03,GK,66,67,19,granada,uruguay,39591814,293920,89,43,70,66,60,50
425,425,player_425,5da2f0c4692a192c,CM,69,78,32,granada,england,44715783,144088,40,75,82,97,71,82
426,426,player_426,1692e5b6f38f2e07,GK,62,67,17,granada,argentina,19479072,104013,83,57,55,65,70,52
427,427,player_427,41ae68f9c359a267,LB,70,78,26,granada,portugal,36692369,152645,81,84,62,62,44,70
428,428,player_428,44a2c21ad9006055,CM,56,64,25,granada,uruguay,10101332,33121,80,56,85,89,76,62
429,429,player_429,05f43e9bdac9d60d,GK,68,73,18,granada,colombia,50422076,256723,54,81,58,69,56,88
430,430,player_430,69ece6e9499c02e8,CM,61,66,22,granada,germany,12190115,91896,76,51,74,79,68,68
431,431,player_431,b64b84dbdc65525e,LW,63,68,34,granada,netherlands,23126914,136901,55,63,81,90,81,73
432,432,player_432,25110fab21f8910a,CM,63,71,24,granada,england,17737686,132818,78,79,86,80,76,77
433,433,player_433,11df30c844fb6aba,RB,58,58,23,granada,spain,8551846,63156,49,67,59,93,57,68
434,434,player_434,af8bbf06aa5ca50c,LB,65,73,36,granada,uruguay,29567831,167742,54,60,63,80,78,61
435,435,player_435,e9e0827fbc03b937,ST,56,58,28,las palmas,netherlands,9515355,44844,80,73,71,74,62,77
436,436,player_436,79f63d45992b963e,CB,57,65,22,las palmas,germany,12857047,54628,85,76,78,95,55,63
437,437,player_437,4fab22544d57ee8b,RB,59,66,31,las palmas,netherlands,10255823,46911,93,69,74,57,61,77
438,438,player_438,f2166708731d0d87,CB,64,69,24,las palmas,portugal,31249486,207242,75,85,90,80,62,65
439,439,player_439,effc4d9f7c2fc4fb,CM,59,62,29,las palmas,uruguay,9967458,38480,82,55,75,55,78,84
440,440,player_440,7d19bcdb867cfd64,RB,68,70,20,las palmas,portugal,48524250,363320,71,54,57,81,71,57
441,441,player_441,94c746fdfbc9a9bc,CM,61,65,22,las palmas,france,20745411,84932,68,76,53,76,53,71
442,442,player_442,4d344c24ab5d5190,ST,56,63,17,las palmas,brazil,11427478,48120,63,45,54,65,52,54
443,443,player_443,5f362ee1facb05c4,RW,66,70,36,las palmas,brazil,35466244,237480,81,51,51,71,49,76
444,444,player_444,bf35d7c4be64b0b6,GK,61,65,35,las palmas,france,18013794,98371,78,91,63,69,85,51
445,445,player_445,5a86219aad32895d,RB,56,61,26,las palmas,colombia,8380274,63691,57,71,74,74,71,79
446,446,player_446,f2f92a200f56b016,CM,62,68,36,las palmas,portugal,21675776,113815,60,52,60,67,75,80
447,447,player_447,10b87862f6971b3b,CB,71,77,25,las palmas,germany,52570941,266763,63,78,56,86,58,67
448,448,player_448,866db4b20b8b5f18,CB,62,63,18,las palmas,germany,22189323,171207,84,80,60,53,62,59
449,449,player_449,31ac0e11a1e0e409,GK,59,67,25,las palmas,argentina,11654584,40371,83,39,89,64,67,58
450,450,player_450,c519f9275139f7cf,LB,56,61,21,las palmas,brazil,7336532,44474,75,62,72,74,66,54
451,451,player_451,d3b824124effdc2b,RB,58,65,27,las palmas,spain,8641120,42631,63,61,61,50,67,52
452,452,player_452,606ea548e72e08a0,CM,68,76,24,las palmas,france,37352531,175540,50,91,89,60,89,40
453,453,player_453,195469eb2148507c,ST,73,80,22,las palmas,uruguay,60590369,185934,70,60,68,65,46,70
454,454,player_454,01fd5b293fc60030,GK,72,76,25,las palmas,uruguay,65911262,392968,48,41,67,76,64,67
455,455,player_455,3807aaefa614dd2a,CB,60,68,36,las palmas,uruguay,19320530,147813,81,86,60,69,87,57
456,456,player_456,9e9a10487753f800,GK,65,70,25,las palmas,france,26766810,189119,77,66,58,57,49,64
457,457,player_457,bb122831c309ad18,ST,61,70,20,las palmas,portugal,15300548,118360,40,35,99,51,60,51
458,458,player_458,579cce07d6a6f9c3,GK,63,70,32,leganes,spain,24860601,130825,76,81,58,65,67,72
459,459,player_459,18cb271cbbefa7e1,LW,64,64,26,leganes,argentina,21948288,148489,53,74,81,62,61,54
460,460,player_460,53e074ba29ff6f72,CB,64,69,36,leganes,uruguay,21409698,92733,90,69,46,69,59,82
461,461,player_461,89ee509ad8387dff,RW,55,55,23,leganes,portugal,7493905,34455,99,69,79,50,48,83
462,462,player_462,af720cf2758a2a33,CB,58,58,35,leganes,portugal,9059550,59389,40,58,56,71,72,73
463,463,player_463,2971e91c59ccd29b,CB,63,68,20,leganes,brazil,16265312,111246,70,86,77,82,62,78
464,464,player_464,0627d84d8857265f,LB,72,72,24,leganes,france,78303498,541228,63,59,42,92,73,70
465,465,player_465,75cc931083fac12b,RW,67,69,26,leganes,portugal,24956169,90934,84,67,67,55,72,87
466,466,player_466,1d7c9e72cd02f8a9,ST,65,69,35,leganes,germany,31470477,197426,76,42,61,88,49,80
467,467,player_467,5b6ae78acc9ebe4b,CB,73,79,26,leganes,france,60138551,438325,82,54,65,69,64,73
468,468,player_468,551d13fdbc25f253,CB,68,74,17,leganes,germany,34823500,207991,72,86,84,65,30,71
469,469,player_469,e334dccce0136948,CB,67,72,21,leganes,brazil,28310908,95057,76,55,80,38,53,78
470,470,player_470,3d836ec213f8b811,CM,57,60,28,leganes,uruguay,13347784,80839,83,63,65,65,54,66
471,471,player_471,1403dd6abc649eb0,CB,55,58,19,leganes,england,10482319,67539,80,65,75,79,64,69
472,472,player_472,f1688111b8b2150e,CM,64,66,30,leganes,portugal,26052015,160278,98,79,71,80,37,76
473,473,player_473,ef3f981ab7c6a912,CB,59,65,24,leganes,colombia,10842152,39739,58,83,61,60,42,66
474,474,player_474,8563fd549c97c82c,RB,60,65,30,leganes,colombia,12377739,90590,75,72,66,59,67,61
475,475,player_475,75c718a7be08db03,CM,58,59,33,leganes,spain,8760834,65757,67,65,65,65,56,70
476,476,player_476,312b4ed189724404,CDM,75,84,17,leganes,germany,106503258,540894,63,71,82,78,76,74
477,477,player_477,22b0e6793ec30f52,CM,56,59,31,leganes,uruguay,6826399,46867,64,45,42,62,60,59
478,478,player_478,47380c672ab04a05,CB,63,64,33,leganes,france,20659855,162304,79,80,49,69,60,73
479,479,player_479,dfac53d7ba458395,LB,57,60,23,leganes,germany,7720498,52233,68,50,54,61,30,67
480,480,player_480,776def8619f4f17b,LW,63,70,20,leganes,brazil,20061346,78506,55,70,67,87,60,93
481,481,player_481,6d1fba8205f821cc,ST,66,72,29,leganes,spain,32901164,120258,78,99,75,73,49,74
482,482,player_482,62d8dab17d91c3bb,CM,62,62,33,leganes,brazil,20218433,73184,60,59,58,81,33,69
